x,y,z
-117.865,34.14506,0.0
-118.2901,33.95287,0.0
-118.333241,33.990508,1.0
-118.2158,34.05309,0.0
-118.3761,34.1094,1.0
-118.1596,33.83785,1.0
-118.1448,34.69937,1.0
-118.437684,33.955246,0.0
-118.431327,34.192339,0.0
-118.312,33.82122,1.0
-117.966,34.08074,1.0
-118.1358,33.93162,1.0
-118.467935,34.427741,0.0
-118.1577,34.07462,1.0
-118.26220000000001,34.01258,1.0
-118.1227,34.02095,1.0
-118.250733,34.057183,1.0
-118.0763,33.93347,1.0
-118.181,33.88811,1.0
-118.0089,33.93949,1.0
-118.1919,33.84802,0.0
-118.1419,34.07682,1.0
-117.896,34.01685,1.0
-118.5554,34.40948,1.0
-118.1944,33.77413,0.0
-118.2397,33.88143,1.0
-118.4052,34.15238,1.0
-118.1512,33.8711,1.0
-118.552593,34.265128,1.0
-118.1428,34.0109,1.0
-118.0764,34.14568,0.0
-118.0075,34.07847,1.0
-118.530347,34.432426,1.0
-118.2139,34.13245,0.0
-118.399324,33.921095,0.0
-118.333468,34.186771,0.0
-118.3053,33.83769,0.0
-118.1911,34.1203,1.0
-118.2874,33.9165,1.0
-118.40258,34.035736,0.0
-118.516,34.17391,1.0
-118.3361,34.10415,0.0
-118.0948,33.95319,1.0
-117.9638,34.10486,0.0
-118.2592,33.88457,0.0
-118.6254,34.14389,1.0
-118.394,34.04773,1.0
-118.3527,33.8827,0.0
-118.1816,34.03,1.0
-118.1316,34.02494,1.0
-118.1978,33.87265,0.0
-118.145454,33.935704,1.0
-118.053073,34.124113,1.0
-118.1254,34.05867,0.0
-118.5377,34.0431,1.0
-118.1695,34.02471,1.0
-118.4697,34.05462,1.0
-118.58147,34.389476,1.0
-118.572,34.17954,1.0
-118.3219,33.81702,0.0
-118.2116,34.03845,1.0
-118.3552,34.21327,0.0
-118.6034,34.39065,0.0
-118.266485,34.035606,0.0
-118.7722,34.16486,0.0
-118.1241,33.84146,1.0
-118.1843,33.98888,0.0
-118.339583,34.082201,1.0
-118.316599,33.986457,1.0
-118.407964,34.172057,0.0
-118.4253,34.24244,1.0
-118.1453,33.79882,0.0
-118.4137,34.15423,1.0
-118.054,34.54881,0.0
-118.0859,34.06601,1.0
-118.147997,34.184754,1.0
-117.915,34.14518,1.0
-118.249514,34.09107,0.0
-118.0413,34.55854,1.0
-117.9194,34.10926,0.0
-118.136,33.9357,0.0
-118.295016,33.891226,0.0
-118.354703,33.997543,1.0
-118.1953,33.89238,1.0
-118.283583,33.72721,1.0
-118.3283,33.95313,1.0
-117.7377,34.03731,1.0
-118.6103,34.13712,1.0
-118.3706,34.1649,0.0
-118.273172,34.066733,1.0
-118.2063,34.06786,0.0
-118.2296,33.96554,1.0
-118.4641,34.43339,0.0
-118.3092,33.84366,0.0
-118.2832,33.91769,0.0
-118.277003,33.969765,0.0
-118.2574,34.02763,1.0
-118.018,34.05112,1.0
-118.246636,33.931206,1.0
-118.392,33.9723,1.0
-117.67,34.1561,1.0
-117.902989,34.084938,1.0
-118.3222,33.91517,0.0
-118.4893,34.25201,1.0
-118.327896,34.019884,0.0
-118.1232,33.77948,0.0
-118.3982,34.01695,1.0
-118.348,33.82042,1.0
-118.4507,34.42001,0.0
-118.3466,33.84221,0.0
-118.5243,34.20109,0.0
-118.2013,34.18218,1.0
-117.9765,34.04552,1.0
-118.4606,34.16513,1.0
-118.2765,33.95183,1.0
-118.3405,33.7876,1.0
-118.3108,33.76598,1.0
-118.2647,33.92459,1.0
-117.8467,33.97352,1.0
-118.6212,34.1968,1.0
-118.0957,34.05526,0.0
-118.4727,34.15607,1.0
-118.1476,33.84006,0.0
-118.300534,33.956736,1.0
-118.4019,33.77317,1.0
-118.464778,33.991429,1.0
-118.3046,33.99777,1.0
-118.5845,34.28143,0.0
-117.7497,34.11194,0.0
-118.1174,33.89533,1.0
-118.364,33.92738,1.0
-118.5194,34.05562,1.0
-118.4661,34.00049,1.0
-118.611078,34.186383,1.0
-118.2828,33.72869,1.0
-118.048777,33.963219,1.0
-118.3703,33.86437,0.0
-118.3811,34.17293,0.0
-118.4691,34.2509,1.0
-118.0766,33.88409,1.0
-117.893,34.01491,1.0
-118.4748,34.03237,1.0
-117.7876,34.03095,0.0
-117.863866,34.016925,1.0
-118.4811,34.03564,1.0
-118.192309,34.025538,1.0
-118.41681,33.968212,0.0
-118.3232,33.95042,0.0
-117.82419,34.137929,1.0
-118.3179,34.0617,1.0
-117.7734,34.11172,1.0
-118.3438,33.86806,1.0
-118.3034,34.0817,1.0
-118.4565,34.02479,1.0
-117.937,34.01448,0.0
-118.3027,33.96466,1.0
-118.3237,33.97564,0.0
-118.3693,34.15893,1.0
-118.6184,34.45776,0.0
-118.5591,34.2825,1.0
-118.2891,34.05871,0.0
-118.353326,34.103704,1.0
-118.1057,33.89614,0.0
-118.263154,33.810331,1.0
-118.3592,34.02424,1.0
-118.4711,34.02112,0.0
-118.5455,34.14862,0.0
-118.312458,34.083092,1.0
-118.4177,34.1057,0.0
-118.603,34.20841,1.0
-118.318,34.09895,0.0
-117.8376,34.10841,1.0
-118.5475,34.37183,1.0
-118.548073,34.253935,1.0
-118.382187,34.0272,1.0
-118.1289,33.8244,1.0
-118.284566,34.066758,1.0
-118.2619,34.01609,0.0
-117.7679,34.02664,0.0
-118.6655,34.18025,1.0
-117.9398,34.04305,1.0
-118.5997,34.18292,1.0
-117.8784,34.02277,1.0
-118.5119,34.26476,0.0
-118.376983,34.296268,0.0
-118.3054,34.06681,1.0
-118.049,34.07446,1.0
-118.1512,34.04043,1.0
-118.566843,34.193884,1.0
-118.35,34.098,0.0
-118.1023,34.01125,1.0
-118.3639,33.9636,0.0
-118.446243,34.143919,1.0
-118.2901,33.81612,0.0
-118.263556,33.995681,0.0
-118.135751,34.0884,1.0
-118.3253,34.10562,0.0
-118.102,33.96604,1.0
-118.3057,34.17869,1.0
-117.844,34.03638,1.0
-118.2963,33.76429,1.0
-118.397475,34.049226,1.0
-118.612,34.20935,0.0
-118.3552,34.05256,1.0
-118.0945,33.92154,1.0
-118.375277,34.173147,0.0
-118.3402,33.99698,1.0
-118.279831,33.742357,0.0
-118.1206,34.68938,0.0
-118.2826,33.98578,1.0
-118.3717,34.08545,1.0
-118.1384,34.09309,1.0
-118.225,34.12819,1.0
-118.304273,33.726189,0.0
-117.970336,34.072966,1.0
-118.1009,34.6969,0.0
-118.029254,34.065574,1.0
-118.249238,34.071457,1.0
-117.7097,34.120954,1.0
-118.097097,34.074009,1.0
-118.138122,34.080215,0.0
-118.4154,33.95571,0.0
-118.208273,33.960321,0.0
-117.8909,34.01015,1.0
-118.4755,34.01565,0.0
-118.2781,33.8417,1.0
-118.449291,34.069484,0.0
-118.0929,34.06271,1.0
-118.5862,34.20283,0.0
-118.3296,34.18205,1.0
-118.393558,34.018326,1.0
-117.866136,34.671682,1.0
-118.4579,34.15116,1.0
-118.507746,34.305111,0.0
-118.356989,33.932597,1.0
-118.0444,34.16677,1.0
-118.534,34.48003,1.0
-118.4052,34.1594,1.0
-118.6587,34.18681,1.0
-118.5203,34.16427,0.0
-118.318731,33.98501,0.0
-117.7181,34.04817,0.0
-118.0499,34.0779,0.0
-118.192216,34.176713,1.0
-118.443936,34.130276,1.0
-118.2649,33.92564,0.0
-118.2874,33.9165,0.0
-118.3107,34.10172,1.0
-118.02289,34.157779,1.0
-117.9635,34.08293,0.0
-118.2827,33.96675,0.0
-118.109376,34.14031,1.0
-118.2552,34.06384,0.0
-118.2091,33.94945,1.0
-117.851449,34.084782,0.0
-118.2454,34.14091,1.0
-118.3037,34.27166,0.0
-118.441423,34.14845,1.0
-118.5079,34.03205,0.0
-118.1431,34.18042,1.0
-118.2899,33.93914,1.0
-118.1491,33.76371,1.0
-118.3031,34.15963,1.0
-118.3582,34.02256,1.0
-118.1692,34.47751,0.0
-118.1446,33.91064,0.0
-118.2243,33.95392,0.0
-118.5009,34.45361,1.0
-118.2861,33.82655,1.0
-117.966591,34.094559,0.0
-118.4697,34.13683,0.0
-118.0805,33.9665,1.0
-118.424104,34.296487,1.0
-118.387,33.85548,1.0
-118.4328,33.98724,1.0
-118.144875,33.933337,1.0
-117.9732,34.07049,0.0
-117.922,34.06289,1.0
-118.249989,34.074626,1.0
-118.3323,33.97915,1.0
-118.3896,33.83324,0.0
-118.1948,33.92234,0.0
-118.3756,34.19135,0.0
-118.397883,34.00416,1.0
-118.192541,33.961597,0.0
-118.141366,33.902609,1.0
-118.468681,34.064221,1.0
-118.6017,34.2198,0.0
-117.9888,34.06844,1.0
-118.3423,34.01331,0.0
-118.2475,34.15052,0.0
-118.1046,34.18163,1.0
-118.1637,34.03713,0.0
-118.521331,34.048041,1.0
-117.982,34.05892,0.0
-117.9426,34.07896,1.0
-118.1635,34.09335,0.0
-118.147054,33.920877,0.0
-118.2619,34.03069,0.0
-118.2284,34.09311,0.0
-118.1383,34.13935,1.0
-118.2973,34.27603,0.0
-118.0746,34.54573,1.0
-118.240848,33.948133,0.0
-118.45291,34.260899,0.0
-118.402,33.95923,0.0
-118.0552,33.84924,1.0
-118.6177,34.19044,1.0
-118.1468,34.7109,0.0
-118.0079,34.13682,0.0
-118.2148,33.98525,1.0
-118.2453,33.85266,1.0
-118.079,34.67834,1.0
-118.2206,33.96033,1.0
-118.2481,34.08946,0.0
-118.3054,34.06992,0.0
-118.060473,33.878755,0.0
-118.5098,34.44098,0.0
-118.110934,34.101991,1.0
-118.3623,34.02719,1.0
-118.5733,34.19776,0.0
-118.3204,33.94001,1.0
-118.3594,33.89821,0.0
-118.2529,34.12036,1.0
-118.2794,34.02258,1.0
-117.9726,34.05781,1.0
-118.2914,33.73597,0.0
-118.1919,33.81513,1.0
-118.5527,34.43531,0.0
-118.4014,34.20796,1.0
-118.2806,33.81852,0.0
-117.861817,34.020414,0.0
-118.6246,34.46921,1.0
-118.345958,34.272999,0.0
-118.060137,33.838742,1.0
-118.28076,34.100823,1.0
-118.2412,33.85045,1.0
-117.9671,34.04941,1.0
-117.7189,34.12286,1.0
-118.4065,34.27968,0.0
-118.4393,34.32527,0.0
-118.1061,33.96447,0.0
-118.2032,34.68252,1.0
-118.2946,34.01895,0.0
-118.2501,34.04664,1.0
-118.1303,33.97496,1.0
-118.3868,33.83997,1.0
-118.3248,34.02514,1.0
-118.225487,34.178486,1.0
-118.482019,34.147438,1.0
-117.9315,34.09589,0.0
-118.3127,34.0606,0.0
-118.0759,34.6784,1.0
-118.1989,34.66444,1.0
-118.208645,33.94404,1.0
-118.4862,34.19383,0.0
-118.518203,34.04791,1.0
-118.2548,34.13943,0.0
-118.353992,34.096638,1.0
-118.1174,34.01616,1.0
-118.0887,34.02016,1.0
-118.173337,34.080285,1.0
-117.9198,34.1129,1.0
-118.11,34.17263,1.0
-118.2857,34.06298,0.0
-117.981959,34.060227,0.0
-118.0849,33.88309,1.0
-118.36,34.24864,0.0
-118.4825,34.02606,0.0
-118.5166,34.45891,1.0
-117.992,33.91127,0.0
-118.2923,34.01314,0.0
-118.3198,33.97631,1.0
-118.0203,33.92605,1.0
-118.3197,33.96355,1.0
-118.2551,33.96296,0.0
-118.1296,34.0112,1.0
-118.0086,34.09812,0.0
-118.0498,33.92431,1.0
-118.3574,34.08866,1.0
-118.419311,34.014097,1.0
-117.9518,34.07889,0.0
-117.974465,34.066424,1.0
-118.057,33.85345,1.0
-118.2831,33.99732,0.0
-118.2941,34.18496,1.0
-118.303514,34.007903,1.0
-118.1256,34.57251,0.0
-118.202373,34.121618,0.0
-118.5564,34.15429,1.0
-118.0485,33.91907,1.0
-118.001731,33.930288,0.0
-118.209608,33.900872,1.0
-117.9894,34.06813,0.0
-118.1951,33.77919,1.0
-118.158,34.69718,1.0
-118.318,33.969164,1.0
-118.1293,33.80477,1.0
-118.1131,34.17021,1.0
-118.2116,33.93113,0.0
-118.4486,34.2776,0.0
-117.7083,34.0916,1.0
-118.3482,34.17923,1.0
-118.218,33.93818,1.0
-118.111807,34.58087,1.0
-118.3827,33.75719,0.0
-118.057052,34.167981,1.0
-118.3069,33.94852,1.0
-118.0845,33.88036,1.0
-117.868143,34.125094,0.0
-118.6221,34.2071,0.0
-118.323,33.90635,0.0
-117.8874,33.99057,1.0
-118.0821,34.08461,0.0
-118.193288,34.118702,0.0
-118.4985,34.26308,1.0
-118.0309,34.5606,0.0
-118.4422,34.29248,1.0
-117.9667,34.14316,1.0
-118.0055,34.13316,1.0
-118.3213,34.0399,0.0
-118.3671,34.17242,0.0
-118.4774,34.15418,0.0
-118.47162,34.004012,1.0
-117.8614,34.14221,1.0
-118.4943,34.049,1.0
-117.944,34.10206,1.0
-118.2948,33.88413,0.0
-118.534278,34.476692,1.0
-118.2483,33.93018,0.0
-118.288151,33.966635,0.0
-118.147,33.76052,0.0
-118.3517,34.12226,1.0
-118.3551,34.16795,1.0
-118.2394,34.11494,0.0
-118.5227,34.28951,1.0
-118.2987,33.87637,1.0
-118.053,34.06399,1.0
-118.1107,34.66585,1.0
-118.441022,34.287138,1.0
-118.2405,33.83525,0.0
-118.3592,33.85045,1.0
-118.0983,34.16374,1.0
-118.2878,33.98019,0.0
-118.341492,34.139322,1.0
-118.3361,34.10319,0.0
-118.3196,33.86628,1.0
-118.0531,33.99881,1.0
-118.5709,34.216,1.0
-118.3877,34.08729,1.0
-118.1719,33.97879,0.0
-118.277224,33.929687,1.0
-118.1187,34.19144,1.0
-118.148204,34.111025,0.0
-117.7715,34.08127,1.0
-118.1169,33.96285,1.0
-118.5399,34.44829,1.0
-118.5566,34.1658,0.0
-118.230595,33.911916,0.0
-118.248869,33.99744,0.0
-118.422,34.09597,0.0
-118.1868,33.79069,0.0
-118.308,34.19144,1.0
-118.292245,33.989745,0.0
-118.256202,34.245197,1.0
-118.3544,33.85437,1.0
-118.2739,33.91344,1.0
-118.1159,33.93306,0.0
-118.587395,34.191957,0.0
-118.1524,34.09853,1.0
-118.1993,34.17565,1.0
-118.4999,34.18958,0.0
-118.3275,33.97427,1.0
-118.2115,34.11747,1.0
-118.536137,34.367352,1.0
-118.175243,33.96666,0.0
-118.2213,33.82992,1.0
-118.440366,34.134398,1.0
-118.4345,34.05006,0.0
-118.0412,34.16901,1.0
-118.247,33.909,1.0
-118.151931,34.000989,1.0
-118.555,34.25611,1.0
-118.6214,34.20548,0.0
-118.2608,33.9966,0.0
-118.2216,33.83553,1.0
-118.344673,33.821806,1.0
-118.5007,34.02511,0.0
-118.1631,33.78449,0.0
-118.3635,34.05348,1.0
-118.3966,34.06985,1.0
-118.541339,34.362185,1.0
-118.2663,33.86505,1.0
-118.3846,34.063720000000004,1.0
-118.2943,34.04116,1.0
-118.468267,34.04327,0.0
-118.1097,34.01041,0.0
-118.2468,34.06516,1.0
-118.253133,34.010282,0.0
-118.3581,33.78711,1.0
-118.1382,33.89435,1.0
-118.1446,33.7866,1.0
-118.3498,34.20756,1.0
-118.1849,33.8567,0.0
-118.52443,34.167438,1.0
-118.4581,33.99534,1.0
-118.4361,34.10906,0.0
-118.355228,34.08227,1.0
-118.4125,34.43091,1.0
-118.1454,33.86413,1.0
-118.0911,33.91077,1.0
-118.2376,34.14982,0.0
-118.3525,34.06725,0.0
-118.2996,33.81094,0.0
-118.1995,34.07259,1.0
-117.9764,34.13843,0.0
-118.028792,34.07943,0.0
-118.1195,34.69444,0.0
-118.2987,34.0142,1.0
-118.116,33.85966,0.0
-118.3103,33.9329,1.0
-118.0481,33.95026,0.0
-118.1382,33.91067,0.0
-118.5633,34.22178,1.0
-118.1424,33.84215,1.0
-118.288945,33.71511,1.0
-118.3642,33.87747,1.0
-118.3504,34.06612,1.0
-118.079915,34.106827,1.0
-118.1128,33.8403,0.0
-118.028509,34.080217,1.0
-118.43894,33.956435,1.0
-118.2296,33.95332,1.0
-118.1352,34.06144,0.0
-118.2472,33.94893,0.0
-118.1882,34.11026,0.0
-118.0316,34.07541,1.0
-118.464,34.23195,0.0
-118.3994,34.15044,0.0
-117.902939,34.082645,0.0
-118.340753,33.9826,0.0
-118.903,34.17932,1.0
-117.9883,34.1576,1.0
-118.1407,34.57735,1.0
-118.3503,33.92976,0.0
-118.3959,33.86772,0.0
-118.4329,34.22951,0.0
-118.2982,33.94117,1.0
-118.4192,34.18338,1.0
-118.254211,34.085641,1.0
-118.3467,34.05723,0.0
-118.3613,33.94189,0.0
-118.3236,34.16369,1.0
-117.9789,33.91516,1.0
-118.106561,34.570867,0.0
-118.2518,34.05227,0.0
-118.434176,34.273212,0.0
-118.3497,33.97412,0.0
-118.261861,33.813105,1.0
-118.3317,34.03116,1.0
-118.0672,33.90081,1.0
-118.5905,34.17925,0.0
-118.1756,33.77163,1.0
-118.5543,34.37953,1.0
-118.1505,34.02547,1.0
-118.3868,34.2049,1.0
-118.3519,34.2222,0.0
-117.9619,34.57246,0.0
-118.042,34.11117,0.0
-118.2693,33.88882,1.0
-118.4486,34.15427,0.0
-118.1417,33.86641,1.0
-118.2861,33.82097,0.0
-118.3722,34.16401,0.0
-118.6137,34.22055,0.0
-118.8116,34.1379,0.0
-118.0182,33.90834,1.0
-118.3396,33.90612,0.0
-118.7447,34.15263,1.0
-118.5338,34.20505,0.0
-117.791,34.04921,1.0
-118.188,33.78092,1.0
-118.294856,34.172956,0.0
-118.1315,33.84585,0.0
-118.1193,33.92418,1.0
-118.5847,34.21484,0.0
-118.006751,34.121959,0.0
-118.2314,33.927334,1.0
-118.4155,34.18231,1.0
-118.2462,34.66008,1.0
-118.2748,33.92127,0.0
-117.7384,34.0364,1.0
-118.416,34.30398,0.0
-117.964994,34.093422,1.0
-118.328,33.98262,1.0
-118.133363,33.817449,1.0
-118.3566,33.87562,1.0
-118.383122,33.823943,1.0
-118.2605,33.8707,0.0
-118.1632,33.77162,1.0
-118.1711,33.97424,1.0
-118.5787,34.19284,0.0
-117.846396,34.019364,1.0
-117.953927,34.103337,1.0
-118.2027,34.10632,0.0
-118.1931,34.16975,1.0
-118.3005,34.10234,1.0
-118.3343,34.09277,0.0
-118.2966,33.97467,1.0
-118.186,33.85544,0.0
-118.085861,33.955342,1.0
-118.204629,33.982951,0.0
-118.2738,33.95781,0.0
-118.4806,34.03669,1.0
-118.3407,34.08226,1.0
-118.385185,33.980371,0.0
-118.1305,34.10438,1.0
-118.3159,33.97863,1.0
-118.547718,34.235486,0.0
-118.0453,34.04178,1.0
-118.308262,33.896713,0.0
-118.3367,34.16432,1.0
-118.342305,34.022966,0.0
-118.6137,34.20888,1.0
-118.089512,33.97105,1.0
-118.335587,34.202785,0.0
-118.2093,33.94653,1.0
-117.9164,34.01239,0.0
-118.0515,34.09776,1.0
-118.113481,34.178615,1.0
-118.7086,34.03428,0.0
-118.2079,33.81476,1.0
-118.6058,34.21025,1.0
-118.1511,33.85396,1.0
-118.377212,34.089341,1.0
-118.0005,34.1528,0.0
-118.155021,34.514882,1.0
-118.28813,33.967891,1.0
-118.1508,34.01457,0.0
-118.1875,33.90773,0.0
-118.2072,33.87585,0.0
-117.991443,33.946456,1.0
-118.0525,33.85703,1.0
-118.2492,34.04246,0.0
-118.782931,34.15063,0.0
-118.3473,34.15157,0.0
-118.6523,34.1395,1.0
-118.2903,33.8252,1.0
-118.3047,33.89845,0.0
-118.1523,34.18235,1.0
-118.1909,33.81327,1.0
-118.1123,34.65683,0.0
-118.3213,34.01908,0.0
-118.243,33.85652,1.0
-118.1573,34.18915,1.0
-117.758,34.07619,1.0
-118.5492,34.18256,0.0
-118.3572,34.16491,1.0
-118.53591,34.047071,1.0
-118.1617,33.83792,0.0
-118.338,33.90077,0.0
-118.383,34.08873,1.0
-118.180669,33.79712,0.0
-118.2714,33.9066,1.0
-118.2892,33.81537,1.0
-118.1477,33.75906,1.0
-118.015774,34.116861,0.0
-118.1232,33.84984,0.0
-118.25,34.14593,1.0
-118.0939,34.15937,1.0
-118.307425,33.765418,1.0
-118.426588,34.452494,0.0
-118.0772,33.99519,1.0
-117.9576,34.14159,0.0
-118.0703,33.98183,0.0
-118.392071,34.196435,0.0
-118.258626,33.8701,1.0
-118.3641,34.15773,0.0
-118.2958,34.01493,1.0
-118.3485,33.95673,0.0
-118.309836,33.970987,1.0
-118.3279,33.89136,1.0
-118.366,33.84128,1.0
-118.332,33.7474,0.0
-118.1977,34.04408,1.0
-118.373783,34.187712,0.0
-118.241697,34.139783,0.0
-118.504,34.26609,1.0
-118.4345,34.23296,0.0
-117.9602,34.06164,1.0
-118.422,34.09597,0.0
-118.1286,33.82729,1.0
-118.0562,34.53395,1.0
-118.2953,34.06863,1.0
-118.234059,34.11605,0.0
-117.8442,33.96372,1.0
-118.19035,33.984047,1.0
-117.82206,34.100625,1.0
-117.8024,34.02125,1.0
-118.2368,33.93505,1.0
-118.4524,34.41224,0.0
-118.330537,33.937662,0.0
-118.325843,34.111244,1.0
-117.8681,34.13488,0.0
-118.2158,34.22107,1.0
-117.8916,34.12484,1.0
-118.1623,33.97385,0.0
-118.291945,33.995898,1.0
-118.2133,34.09468,1.0
-118.0756,33.81842,1.0
-118.2073,34.17938,0.0
-118.3527,34.06713,1.0
-118.4137,34.15897,0.0
-117.8152,33.99262,1.0
-118.0875,33.90128,0.0
-118.3397,33.89738,1.0
-118.3298,34.17814,1.0
-118.311554,33.937275,1.0
-118.2633,34.15396,1.0
-118.375103,34.212147,1.0
-118.4895,34.41928,0.0
-118.4854,34.1422,1.0
-118.1371,34.0958,1.0
-118.288675,34.16739,0.0
-118.2555,33.786414,0.0
-118.367029,34.099717,0.0
-118.3333,34.052,1.0
-118.5231,34.4515,1.0
-118.2894,33.70867,1.0
-118.44908,34.032141,1.0
-118.350326,34.051256,0.0
-118.5757,34.38964,1.0
-118.2902,34.10845,1.0
-118.5382,34.19089,1.0
-118.1034,33.82217,0.0
-118.1661,33.90898,0.0
-118.0543,33.97056,0.0
-118.570758,34.046435,0.0
-118.241,34.15405,1.0
-117.8269,34.08603,1.0
-118.1392,33.84306,1.0
-118.293643,34.007086,0.0
-118.2011,33.98696,1.0
-118.1192,34.17181,0.0
-118.349,33.91204,1.0
-118.4934,34.03547,1.0
-117.8415,34.14896,1.0
-117.982372,34.008977,1.0
-118.265014,33.944583,1.0
-118.4276,33.97279,0.0
-118.1783,33.76584,1.0
-118.300453,34.100518,1.0
-118.5378,34.05023,1.0
-118.2892,33.97065,1.0
-118.3572,34.16491,1.0
-118.4002,34.20648,1.0
-118.192302,33.792096,0.0
-118.372498,34.1692,1.0
-118.666519,34.183546,1.0
-118.1542,34.69392,1.0
-118.4009,34.13705,1.0
-118.4744,34.0031,1.0
-118.373332,34.193865,1.0
-117.980274,34.054743,1.0
-118.3978,33.99842,1.0
-118.182,33.86371,1.0
-118.2918,34.11302,0.0
-117.914,34.14622,1.0
-118.1352,34.57585,0.0
-118.1289,33.8166,1.0
-117.9819,34.08866,1.0
-118.2437,33.84802,1.0
-118.376,34.03498,1.0
-118.395,34.03059,0.0
-117.7367,34.07098,0.0
-118.6049,34.25844,0.0
-118.241347,33.857681,1.0
-118.233897,34.047165,0.0
-118.3472,34.02918,1.0
-118.4047,33.89476,1.0
-117.897604,34.067124,0.0
-118.3968,33.96919,0.0
-118.1051,34.00554,1.0
-118.1906,34.1148,0.0
-118.3166,33.96647,0.0
-118.182,34.1135,0.0
-118.1935,33.93636,1.0
-118.2155,34.21443,0.0
-118.4582,34.04059,1.0
-117.7574,34.11796,0.0
-118.335547,33.9862,1.0
-117.7144,34.13115,0.0
-118.536011,34.238232000000004,1.0
-118.4031,33.77718,1.0
-118.324,33.80074,0.0
-118.1891,33.90816,0.0
-118.5099,34.19395,0.0
-118.6244,34.15707,0.0
-118.2994,34.10529,0.0
-118.386,34.18004,0.0
-118.513909,34.447982,1.0
-118.3441,34.00001,0.0
-118.1919,34.16888,1.0
-118.3275,34.20291,1.0
-118.4026,33.96775,1.0
-118.606427,34.164245,1.0
-117.9766,34.08165,1.0
-117.7245,34.10562,0.0
-118.4524,34.41654,1.0
-117.8209,34.09935,1.0
-118.1259,34.02422,1.0
-118.1253,34.01058,1.0
-117.8079,34.11159,1.0
-118.221,33.88262,0.0
-118.2713,33.81324,1.0
-118.270821,33.922586,0.0
-118.449594,34.023585,0.0
-117.7595,34.03676,0.0
-118.283063,33.831478,1.0
-118.3142,33.77964,1.0
-118.2875,34.10876,0.0
-118.2514,34.08288,0.0
-117.9014,34.07379,1.0
-117.919296,34.027473,0.0
-118.1389,33.79244,1.0
-118.1656,34.08627,1.0
-118.5827,34.21592,1.0
-118.3867,33.77718,0.0
-118.18226,34.091588,1.0
-117.881491,34.107942,1.0
-118.1985,33.905,1.0
-118.4577,34.00384,1.0
-118.0994,33.78555,0.0
-118.2776,34.10684,0.0
-118.265233,33.938202,1.0
-118.15811,34.006878,1.0
-118.031106,34.122538,0.0
-118.3827,33.75719,0.0
-118.5235,34.18816,1.0
-118.1453,33.79199,1.0
-118.250264,34.090782,1.0
-118.6063,34.16957,0.0
-117.9203,34.05764,1.0
-118.4935,34.43442,0.0
-117.896625,34.023925,1.0
-118.531433,34.470341,1.0
-118.263059,34.078133,1.0
-118.1463,34.01578,1.0
-118.429,34.00482,0.0
-118.192387,33.881436,1.0
-118.1924,33.79397,0.0
-118.189499,33.991316,1.0
-118.0727,33.97958,1.0
-118.318914,34.04717,1.0
-118.217548,33.950539,1.0
-118.552092,34.286952,1.0
-118.562261,34.46777,1.0
-118.0959,34.55498,1.0
-118.282647,34.045055,0.0
-118.055,34.16017,0.0
-117.8313,34.03522,1.0
-118.464636,34.311752,0.0
-118.0313,34.08018,1.0
-118.4407,34.05964,0.0
-118.395799,34.014727,1.0
-118.3123,33.81265,1.0
-118.4772,34.13897,1.0
-118.523252,34.243135,0.0
-118.2846,34.09428,1.0
-118.1578,33.78078,0.0
-118.3231,33.87441,1.0
-118.3523,34.0163,1.0
-118.2454,33.98,1.0
-118.0816,33.85186,1.0
-118.057233,34.127267,0.0
-117.7334,34.09876,0.0
-118.439,34.03195,0.0
-118.262676,34.00079,0.0
-118.5378,34.22189,0.0
-118.2654,34.13714,0.0
-118.5273,34.23095,1.0
-118.3749,33.80753,1.0
-117.9138,34.07284,1.0
-118.4826,34.43563,1.0
-118.4499,34.04809,0.0
-118.3078,33.95776,1.0
-118.300744,33.942393,0.0
-118.383643,34.080419,1.0
-118.4423,34.04834,0.0
-117.870362,34.073035,1.0
-118.1836,34.04863,0.0
-118.2452,34.04226,0.0
-118.556226,34.21554,0.0
-118.162807,33.888958,0.0
-118.2705,34.02162,1.0
-118.1896,34.60763,1.0
-117.8064,34.09666,0.0
-118.486557,34.193976,1.0
-118.27767,33.773242,0.0
-118.3058,34.1828,0.0
-118.29026,33.844059,0.0
-118.2965,33.87662,1.0
-118.1245,33.83415,0.0
-118.3514,34.15909,1.0
-118.2121,33.96855,0.0
-117.7351,34.02567,0.0
-118.375501,34.120382,1.0
-118.311,33.78268,1.0
-118.069355,33.863158,1.0
-117.8004,34.10067,1.0
-118.267221,33.782855,0.0
-118.3886,33.84181,1.0
-118.5777,34.38984,1.0
-118.5083,34.42042,1.0
-118.3554,34.08542,0.0
-118.3636,34.18718,1.0
-118.2537,34.04289,0.0
-118.2246,33.97002,1.0
-118.6035,34.14977,0.0
-118.187069,34.10725,0.0
-118.2903,33.89959,1.0
-118.1629,33.76808,1.0
-118.285107,34.263878,0.0
-117.803038,33.995239,1.0
-118.3828,33.78684,1.0
-118.761469,34.153453,1.0
-118.1666,33.76981,1.0
-118.2006,34.13741,1.0
-118.11632,33.908508,1.0
-118.370302,34.083156,0.0
-118.383696,34.17121,1.0
-118.5149,34.03367,0.0
-118.1967,33.93132,0.0
-118.181,34.65341,1.0
-118.0276,34.52641,1.0
-118.3324,33.89137,0.0
-118.3894,33.83424,1.0
-118.1514,34.02276,0.0
-118.5619,34.29296,1.0
-118.3935,34.07717,1.0
-118.3308,33.86488,1.0
-118.255037,33.851576,1.0
-118.5011,34.28344,1.0
-118.3245,34.09189,0.0
-117.9048,34.13786,1.0
-118.1242,34.04546,1.0
-117.83662699999999,34.069953,1.0
-118.058,34.1657,0.0
-118.3622,34.03068,1.0
-118.3199,33.81403,1.0
-118.5917,34.40784,1.0
-118.3049,33.98053,1.0
-118.1619,33.83642,1.0
-118.3035,34.02379,1.0
-117.8134,34.01615,1.0
-118.4308,34.01803,1.0
-118.1072,34.06622,0.0
-118.0418,34.08711,1.0
-118.319015,33.76393,1.0
-118.3772,33.96407,1.0
-118.3574,34.04171,1.0
-118.2526,33.83171,0.0
-118.2326,33.89756,0.0
-118.4963,34.03014,1.0
-118.369428,34.062336,1.0
-118.1428,34.18927,0.0
-118.146724,33.888269,0.0
-118.1353,34.19133,1.0
-118.2955,33.89054,0.0
-118.1451,34.14229,1.0
-118.2453,34.11888,0.0
-117.9539,34.0549,0.0
-118.4616,33.99632,0.0
-118.2296,34.14148,1.0
-118.311175,33.72591,1.0
-118.2746,33.78574,0.0
-118.1757,33.96212,1.0
-118.161,34.03601,0.0
-118.0234,34.13583,0.0
-118.4799,34.20383,1.0
-118.3636,34.19273,0.0
-118.1755,33.97839,0.0
-118.295719,34.051643,1.0
-117.9878,34.07666,1.0
-118.4038,33.89502,1.0
-118.2685,34.10215,1.0
-117.8691,34.01385,0.0
-118.1708,33.79805,0.0
-117.8083,34.12325,1.0
-118.223095,33.887529,0.0
-118.2959,33.95905,1.0
-118.3825,33.98697,1.0
-117.8639,34.04754,0.0
-118.3386,33.7572,1.0
-117.7881,34.06396,0.0
-118.1924,33.86499,1.0
-118.4391,33.95699,1.0
-118.3791,34.15104,0.0
-117.746414,34.108331,0.0
-118.300364,34.082201,1.0
